handbags,382039770621,,Yes,No,,No
handbags,382039770621,,Yes,No,,No
handbags,382039770621,,Yes,No,,No
handbags,122138426084,,Yes,No,,No
handbags,122138426084,,Yes,No,,No
handbags,122854523798,,Yes,No,,No
handbags,122854523798,,Yes,No,,No
handbags,122854523798,,Yes,No,Size Info,No
handbags,122854523798,,Yes,No,,No
handbags,122854523798,,Yes,No,,no
handbags,122799224572,,No,No,,no
handbags,122799224572,,No,No,,no
handbags,122799224572,,No,No,,no
handbags,323038412872,,No,No,,no
handbags,323038412872,,No,No,,no
handbags,323038412872,,No,No,,no
handbags,323038412872,,No,No,,no
handbags,122486319039,,Yes,No,,no
handbags,122486319039,,Yes,No,,no
handbags,122486319039,,Yes,No,,no
handbags,122486319039,,Yes,No,,no
handbags,122486319039,,Yes,No,,no
handbags,122486319039,,Yes,No,,no
handbags,122486319039,,Yes,No,,no
handbags,122486319039,,Yes,No,,no
handbags,122486319039,,Yes,No,,no
handbags,122486319039,,Yes,No,,no
handbags,122486319039,,Yes,No,,no
handbags,121983147224,,Yes,No,,no
handbags,121983147224,,Yes,No,,no
handbags,121983147224,,Yes,No,,no
handbags,121983147224,,Yes,No,,no
handbags,121983147224,,Yes,No,,no
handbags,121983147224,,Yes,No,,no
handbags,222833742132,,Yes,No,,no
handbags,222833742132,,Yes,No,,no
handbags,222833742132,,Yes,No,,no
handbags,222833742132,,Yes,No,,no
handbags,222833742132,,Yes,No,,no
handbags,222833742132,,Yes,No,,no
handbags,222833742132,,Yes,No,,no
handbags,311780365757,,No,No,,no
handbags,311780365757,,No,No,,no
handbags,311780365757,,No,No,,no
handbags,311780365757,,No,No,,no
handbags,322807376611,,Yes,No,,no
handbags,322807376611,,Yes,No,,no
handbags,322807376611,,Yes,No,,no
handbags,322807376611,,Yes,No,,no
handbags,322807376611,,Yes,No,,no
handbags,322807376611,,Yes,No,,no
handbags,322807376611,,Yes,No,,no
handbags,322807376611,,Yes,No,,no
handbags,322807376611,,Yes,No,,no
handbags,322807376611,,Yes,No,,no
handbags,322807376611,,Yes,No,,no
handbags,322807376611,,Yes,No,,no
handbags,382039770621,,Yes,No,,y
handbags,382039770621,,Yes,No,,y
handbags,382039770621,,Yes,No,,y
handbags,382039770621,,Yes,No,,y
handbags,382039770621,,Yes,No,,y
handbags,382039770621,,Yes,No,,y
handbags,122138426084,,Yes,No,,y
handbags,122138426084,,Yes,No,,y
handbags,122138426084,,Yes,No,,y
handbags,122138426084,,Yes,No,,y
handbags,122138426084,,Yes,No,,y
handbags,122138426084,,Yes,No,,y
handbags,122138426084,,Yes,No,,y
handbags,122138426084,,Yes,No,,y
handbags,122138426084,,Yes,No,,y
handbags,122138426084,,Yes,No,,y
handbags,122138426084,,Yes,No,,y
handbags,122854523798,,Yes,No,,y
handbags,122854523798,,Yes,No,,y
handbags,122854523798,,Yes,No,,y
handbags,122854523798,,Yes,No,,y
handbags,122854523798,,Yes,No,,y
handbags,122854523798,,Yes,No,,y
handbags,122854523798,,Yes,No,,y
handbags,122854523798,,Yes,No,,y
handbags,122854523798,,Yes,No,,y
handbags,122799224572,,No,No,,y
handbags,122799224572,,No,No,,y
handbags,122799224572,,No,No,,y
handbags,122799224572,,No,No,,y
handbags,122799224572,,No,No,,y
handbags,323038412872,,No,No,,y
handbags,323038412872,,No,No,,y
handbags,323038412872,,No,No,,y
handbags,122486319039,,Yes,No,,y
handbags,122486319039,,Yes,No,,y
handbags,122486319039,,Yes,No,,y
handbags,122486319039,,Yes,No,,y
handbags,122486319039,,Yes,No,,y
handbags,122486319039,,Yes,No,,y
handbags,122486319039,,Yes,No,,y
handbags,122486319039,,Yes,No,,y
handbags,121983147224,,Yes,No,,y
handbags,121983147224,,Yes,No,,y
handbags,121983147224,,Yes,No,,y
handbags,121983147224,,Yes,No,,y
handbags,121983147224,,Yes,No,,y
handbags,121983147224,,Yes,No,,y
handbags,121983147224,,Yes,No,,y
handbags,121983147224,,Yes,No,,y
handbags,121983147224,,Yes,No,,y
handbags,121983147224,,Yes,No,,y
handbags,121983147224,,Yes,No,,y
handbags,121983147224,,Yes,No,,y
handbags,121983147224,,Yes,No,,y
handbags,121983147224,,Yes,No,,y
handbags,222833742132,,Yes,No,,y
handbags,222833742132,,Yes,No,,y
handbags,222833742132,,Yes,No,,y
handbags,222833742132,,Yes,No,,y
handbags,222833742132,,Yes,No,,y
handbags,222833742132,,Yes,No,,y
handbags,222833742132,,Yes,No,,y
handbags,222833742132,,Yes,No,,y
handbags,222833742132,,Yes,No,,y
handbags,311780365757,,No,No,,y
handbags,322807376611,,Yes,No,,y
handbags,322807376611,,Yes,No,,y
handbags,322807376611,,Yes,No,,y
handbags,322807376611,,Yes,No,,y
handbags,322807376611,,Yes,No,,y
handbags,322807376611,,Yes,No,,y
handbags,322807376611,,Yes,No,,y
handbags,322807376611,,Yes,No,,y